Name,Department,Manager,Price,Date
Kim Ross,Sales,Christina,$763,2023-07-12
Angelica Booker,Sales,Andrea,$627,2023-02-04
Maria Harris,Sales,Vanessa,$93,2023-01-29
Monica Anderson,IT,Lisa,$149,2023-09-23
Ronald Hill,HR,Alan,$538,2023-08-03
Jessica Black,HR,Kathryn,$809,2023-09-17
Patrick Mayo,HR,Deanna,$109,2023-05-20
Steven Turner,Marketing,Sharon,$364,2023-05-09
Michael Davis,Marketing,Nicholas,$381,2023-08-29
Catherine Anderson,Sales,Amanda,$970,2023-03-08
Tara Jimenez,Marketing,Pamela,$984,2023-01-12
Tyler Hardy,Sales,Danny,$262,2023-03-13
John Brown,IT,David,$705,2023-01-12
Blake Preston,Sales,Amanda,$14,2023-07-08
Mark Henry,HR,Brittany,$422,2023-04-18
Elizabeth Frey,HR,Roy,$89,2023-10-16
Hayley Davis,Sales,Dana,$219,2023-05-07
Austin Mitchell,Marketing,Brandi,$806,2023-06-12
James Dunlap,Marketing,Mark,$499,2023-06-07
Pamela Crawford,IT,Eileen,$745,2023-05-06
David Burke,Marketing,Nicholas,$938,2023-04-02
Theresa Faulkner,Marketing,Matthew,$245,2023-05-28
Lawrence Mann,IT,Julie,$192,2023-05-27
Dale Singh,Sales,Bobby,$610,2023-09-03
David Young,Marketing,Ivan,$483,2023-11-09
Kelsey Brooks,IT,Erika,$803,2023-02-26
William Spears,Sales,Jennifer,$578,2023-11-01
Sean Franklin,HR,Eric,$677,2023-04-06
April Rangel,Marketing,Brian,$94,2023-05-22
Michael Le,HR,Sherry,$687,2023-03-08
Lauren Petty,Sales,Debbie,$844,2023-05-30
Anna Martinez,HR,Gregory,$546,2023-01-03
Lauren Moore,Marketing,Monica,$338,2023-10-19
Christina Young,Marketing,Natalie,$635,2023-08-22
James Brown,IT,Elizabeth,$585,2023-06-03
Carl Merritt,HR,Denise,$512,2023-06-24
Susan Ruiz,Sales,Steven,$249,2023-06-03
Misty Wilson,IT,Amanda,$513,2023-08-07
Mary Ayala,Sales,Aaron,$275,2023-09-18
Nicholas Rodriguez,IT,Catherine,$235,2023-07-05
Anita Hodge,IT,Ryan,$979,2023-04-09
Christopher Carrillo,IT,Carolyn,$109,2023-10-05
Francis Harrison,IT,Michelle,$940,2023-03-07
Jessica Rodriguez,Sales,Crystal,$902,2023-09-14
Leslie Ward,Sales,Kelsey,$284,2023-06-14
Tammy Nunez,Sales,Shannon,$968,2023-06-16
David Mccarty,Marketing,Christina,$734,2023-03-19
Daniel Miller,IT,Troy,$728,2023-04-10
Stacey Schultz,IT,Carl,$295,2023-06-18
Paul Jackson,IT,Megan,$7,2023-03-27
Natalie Smith,Marketing,Lisa,$542,2023-08-04
Madison Walters,HR,Brian,$355,2023-03-17
Sonya Stevens,IT,Brenda,$928,2023-03-13
Thomas Brown,Marketing,Julia,$245,2023-08-04
Mark Espinoza,IT,Corey,$157,2023-07-02
Jason Levy,IT,Angela,$799,2023-05-14
Monica Gilmore,Marketing,David,$471,2023-06-27
Matthew Cruz,HR,Terri,$431,2023-02-13
Brian Anderson,Marketing,David,$989,2023-03-26
Robert Powell,Marketing,Jacqueline,$581,2023-11-08
Courtney Campbell,Sales,Megan,$287,2023-09-02
Scott Lambert,Marketing,Jeremiah,$504,2023-09-07
Ryan Williams,IT,Hunter,$938,2023-03-01
Louis Warren,Sales,Diana,$478,2023-07-25
Thomas Davidson,Marketing,Amy,$928,2023-03-11
Cory Houston,HR,Jenny,$376,2023-06-07
David Garcia,HR,David,$79,2023-08-31
Monique Scott,Sales,Teresa,$892,2023-05-22
Erica Schwartz,IT,Angela,$951,2023-06-04
Heather Schultz,Sales,Joseph,$795,2023-08-17
Angelica Jarvis,IT,Michelle,$689,2023-09-11
Andrew Patterson,Sales,Taylor,$393,2023-09-17
Christopher Butler,IT,Samuel,$513,2023-10-12
Crystal Cortez,IT,Michael,$438,2023-02-13
Carrie Love,Marketing,Paul,$470,2023-10-14
April Jones,HR,Renee,$645,2023-09-22
Bryan Kirby,Sales,Chad,$402,2023-11-01
Elijah Byrd,IT,Heidi,$755,2023-03-02
Amanda Hensley,Sales,Alex,$982,2023-06-10
Ashley Jones,HR,Christie,$528,2023-09-04
Judy Aguilar,HR,Jennifer,$590,2023-03-23
Frank James,IT,Stephanie,$864,2023-05-12
William Blanchard,IT,Elizabeth,$929,2023-09-07
Jason Sutton,Sales,April,$291,2023-07-14
Billy Davis,IT,Amanda,$424,2023-06-07
Gabrielle Jones,Sales,Crystal,$64,2023-02-11
Katherine Mays,HR,Robert,$530,2023-05-15
Jenny Brown,Sales,Ashley,$166,2023-02-08
Anthony Preston,Sales,Daniel,$195,2023-01-20
Charles Smith,IT,Theresa,$939,2023-10-01
Desiree Morris,IT,Allen,$9,2023-03-24
Cindy Olson,HR,Zachary,$792,2023-09-08
Karen Taylor,Marketing,Daniel,$739,2023-10-02
Ann Lee,Sales,Stephen,$293,2023-09-25
Thomas Velasquez,IT,Andre,$93,2023-01-06
Paul Hicks,HR,Leon,$315,2023-07-02
Yolanda Ortiz,HR,John,$899,2023-05-04
Courtney Oneill,IT,Michael,$942,2023-05-03
Maria Patterson,IT,James,$859,2023-07-21
Sarah Patton,Sales,Dustin,$40,2023-08-30
Dennis White,HR,Amanda,$825,2023-04-11
Jessica Hammond,HR,Juan,$199,2023-03-02
Karen Ramos,IT,Derrick,$494,2023-05-12
Ashley Conrad,IT,Erika,$822,2023-05-09
Lindsey Mcintosh,Sales,Michael,$752,2023-03-28
Anthony Wright,HR,Pamela,$409,2023-04-03
Anthony Ward,Sales,Mitchell,$103,2023-08-04
Matthew Patton,IT,Danielle,$183,2023-02-11
Patricia Mason,Sales,Kristen,$951,2023-05-18
Lisa Andrews,HR,Chelsea,$722,2023-08-23
Amy Hill,HR,Drew,$586,2023-10-16
David Cannon,HR,Dwayne,$165,2023-07-04
Alan Mckenzie,Sales,Daniel,$218,2023-08-18
Diana Mcclain,Sales,William,$350,2023-02-15
Shannon Reeves,Sales,Christine,$328,2023-01-05
Robert Parsons,IT,Sonya,$309,2023-09-09
Adam Duncan,IT,Stephen,$649,2023-01-10
Jason Rosales,Sales,Erik,$621,2023-06-30
Greg Nunez,IT,Christopher,$907,2023-02-04
Steven Gilmore,HR,Cory,$624,2023-10-04
Whitney Jefferson,Marketing,Erin,$818,2023-08-13
Jason Vasquez,HR,Amber,$860,2023-02-08
Curtis Thompson,Sales,Joshua,$223,2023-05-20
David Nichols,Marketing,Kathryn,$932,2023-10-09
Barbara Chandler,IT,Mallory,$786,2023-04-09
Brian Allen,Marketing,Daniel,$538,2023-08-12
Rebecca Ramirez,HR,Jerry,$815,2023-04-22
Charlene Richardson,Marketing,Christina,$825,2023-03-17
Sydney Torres,HR,Teresa,$565,2023-09-28
Caleb Scott,Sales,Belinda,$769,2023-05-15
Christine Reynolds,IT,Eric,$115,2023-07-15
Emily Estrada,Marketing,Robin,$907,2023-03-30
Lindsey Smith,Sales,Stacy,$310,2023-11-11
Jonathan Hart,IT,Kenneth,$399,2023-08-03
Carolyn Stevenson,Marketing,Maria,$902,2023-03-16
Richard Morgan,IT,Lisa,$918,2023-02-19
Denise Browning,IT,Jeffrey,$724,2023-10-11
Tammy Anderson,IT,Derek,$429,2023-10-29
Kevin Walters,IT,Brenda,$533,2023-05-15
Wendy Miller,Marketing,Randall,$972,2023-09-21
Jacob Barnes,HR,Natalie,$365,2023-02-02
Derrick Neal,Sales,William,$424,2023-08-07
John Lewis,Marketing,Kenneth,$92,2023-07-19
Nicole Hernandez,HR,Jeffrey,$369,2023-11-13
Mark Baker,IT,Jonathan,$350,2023-10-21
Jeremy Perry,IT,Tyler,$688,2023-04-21
Frances Nguyen,Marketing,Tom,$976,2023-06-20
Samuel Blevins,Marketing,Tracy,$409,2023-08-24
Anthony Kirby,Sales,Aaron,$732,2023-04-17
Sara Richardson,IT,Joshua,$526,2023-07-25
Lori Huff,IT,Christy,$725,2023-04-14
Terri Mercado,HR,Travis,$260,2023-08-05
Nicholas Walter,HR,Patrick,$830,2023-08-26
Jonathan Clark,HR,Jacqueline,$768,2023-05-25
Kim Miller,Sales,Jeffrey,$631,2023-06-23
David Clark,HR,Christine,$966,2023-08-26
Leslie Sherman,Marketing,Lauren,$787,2023-03-11
Russell Santana,Sales,Tonya,$592,2023-10-06
Cynthia Obrien,Sales,Patricia,$302,2023-08-12
Bruce Martinez,Sales,Allison,$396,2023-05-22
Jodi Martinez,IT,Randall,$81,2023-09-17
Amber Evans,HR,Lisa,$550,2023-05-22
Kristen Poole,IT,Seth,$269,2023-08-07
David Potter,HR,Gregory,$834,2023-04-11
Joshua Hall,Marketing,James,$123,2023-05-21
John Jackson,IT,Dana,$104,2023-09-14
Thomas Burns,IT,David,$421,2023-01-04
Robert Williams,IT,Christina,$731,2023-01-06
Jesse Davis,IT,John,$451,2023-01-30
Vanessa Martinez,Marketing,Dana,$262,2023-07-07
Paula Gonzalez,Marketing,Vickie,$815,2023-10-22
Patricia Buck,Marketing,Karina,$738,2023-07-05
Peter Arias,HR,Sheena,$118,2023-06-12
Benjamin Quinn,IT,Robert,$366,2023-07-12
Barbara Hanson,Sales,Steven,$539,2023-09-22
Matthew Harmon,Sales,Gerald,$465,2023-08-10
Ryan Rogers,Sales,Sherry,$608,2023-07-31
Joel Martin,Sales,Ryan,$761,2023-05-23
Shannon Alexander,HR,Nichole,$418,2023-06-05
Julian Barber,HR,Stephanie,$129,2023-04-30
Tony Ortiz,IT,Justin,$807,2023-02-23
James Wall,HR,Richard,$401,2023-01-12
Tanya Hernandez,Marketing,Jennifer,$779,2023-10-31
Alexander Davis,HR,Stephanie,$724,2023-06-19
Charles Curtis,Sales,Jenna,$81,2023-06-12
Heather Flores,Marketing,Tamara,$554,2023-10-11
Diana Johnston,HR,Chad,$836,2023-05-06
Denise Roberts,IT,Ronald,$998,2023-02-19
Ashley Edwards,HR,Victoria,$315,2023-05-31
Bryan Cunningham,Sales,Anthony,$253,2023-05-18
Richard Jones,HR,Jeffrey,$612,2023-08-09
Christopher Nelson,Sales,Austin,$230,2023-08-02
Jeffrey Davis,Marketing,Lisa,$959,2023-07-22
Renee Parker,HR,Philip,$365,2023-11-08
Michelle Martinez,HR,Kim,$662,2023-06-06
Mark Owens,IT,Gloria,$328,2023-03-08
Emily Gordon,Marketing,Emily,$618,2023-04-24
Crystal Ramirez,IT,Brian,$77,2023-06-01
Patrick Lane,Marketing,Curtis,$301,2023-03-22
Lisa Henry,Sales,Crystal,$4,2023-09-27
Laura Ibarra,IT,Christina,$683,2023-04-27
Ana Andrews,Sales,Kimberly,$359,2023-03-19
Adrienne Thompson,HR,Jacob,$162,2023-01-12
Karen Johnson,IT,Eric,$124,2023-03-20
Cathy Wright,HR,Joshua,$409,2023-03-09
Elizabeth Sanders,HR,Erin,$699,2023-10-31
Ashlee Abbott,Marketing,Jerry,$143,2023-06-23
Mary Baker,Marketing,Christina,$716,2023-05-29
David Mccarthy,IT,Lisa,$569,2023-06-25
Donald Brady,Sales,Sandra,$660,2023-06-23
Morgan Kramer,Sales,Brett,$234,2023-02-09
Jennifer Harrison,IT,Daniel,$933,2023-07-07
Holly Medina,IT,Stacey,$537,2023-07-07
Benjamin Livingston,Sales,Angela,$926,2023-02-19
Desiree Juarez,IT,Cole,$905,2023-03-11
Laurie Williams,Sales,Dana,$735,2023-04-15
Aaron Jenkins,Sales,Andrew,$765,2023-10-30
Paula Davis,Marketing,Jennifer,$253,2023-08-24
Rachel Acevedo,HR,Dawn,$869,2023-01-28
Walter Nelson,Sales,Brooke,$679,2023-09-25
Jeffrey Preston,HR,Robert,$744,2023-10-25
Madison Richardson,Sales,Michael,$479,2023-04-13
Rebecca Thompson,Marketing,Natalie,$270,2023-02-12
Spencer Fletcher,IT,Cynthia,$249,2023-10-29
Samantha Duncan,Marketing,Michelle,$26,2023-04-03
Joshua Donaldson,IT,Jody,$340,2023-09-30
Ann Spears,IT,Stephen,$472,2023-07-12
Kelsey Hall,Marketing,Maureen,$659,2023-09-20
Allen Ramirez,IT,Justin,$263,2023-03-11
Joseph Graves,HR,Tiffany,$704,2023-11-06
Christopher Hogan,Sales,Brian,$178,2023-08-17
James Rodriguez,IT,Jason,$942,2023-03-19
Eric Daniel,IT,Jose,$376,2023-01-17
Andrew Brown,IT,Leslie,$825,2023-01-22
Greg Johnson,Sales,Sheena,$7,2023-05-29
John Coleman,Marketing,Aaron,$268,2023-01-30
Shelly Reid,IT,Kenneth,$814,2023-01-12
Samantha Davis,IT,Virginia,$706,2023-11-06
Lindsey Lopez,Sales,Gregory,$876,2023-10-25
Elizabeth Sullivan,HR,Kevin,$165,2023-05-13
Michelle Cox,Marketing,Keith,$875,2023-11-14
Cindy Stevenson,IT,Timothy,$752,2023-06-29
Sandra Jordan,HR,Lonnie,$906,2023-09-29
Julian Henderson,IT,James,$95,2023-02-16
Elizabeth Kemp,HR,Amanda,$940,2023-09-02
Jonathan Klein,Marketing,Laura,$888,2023-05-11
John Morgan,Sales,Melvin,$259,2023-10-17
Donald Petersen,Marketing,Thomas,$999,2023-05-13
Paul Brown,Sales,Heather,$762,2023-03-09
Phillip Harris,IT,Gene,$633,2023-01-07
Stephen Velasquez,Sales,Stephanie,$46,2023-05-02
Wendy Oconnor,Sales,Katherine,$38,2023-08-23
Cheryl Winters,IT,David,$154,2023-03-18
Tara Bennett,HR,Jennifer,$87,2023-03-14
Joshua Sandoval,HR,William,$733,2023-03-10
Kayla Bishop,HR,Russell,$363,2023-08-26
Mackenzie Ewing,Marketing,Jennifer,$526,2023-03-08
Carlos Ochoa,HR,Micheal,$426,2023-05-07
Brianna Davis,HR,Micheal,$546,2023-05-03
Kelsey Harvey,HR,Jennifer,$117,2023-05-28
Karen Morgan,HR,Christopher,$635,2023-03-07
Jason Haley,Marketing,Jonathan,$279,2023-09-26
Thomas Farley,Sales,Roberto,$50,2023-04-10
Patricia Brown,Marketing,Martha,$206,2023-11-01
Kevin Wolfe,Marketing,Lisa,$840,2023-11-09
Traci Savage,HR,Brian,$863,2023-05-14
Alex Valdez,Marketing,Michael,$896,2023-08-13
Alexander Allen,IT,Michael,$873,2023-03-21
Monica Watts,HR,Tamara,$909,2023-09-10
Anthony Ramirez,Marketing,Kristin,$488,2023-07-18
Sean Hill,Marketing,Jerry,$246,2023-08-23
Christopher Chavez,Sales,Melissa,$398,2023-07-15
Andrea Webb,IT,Lori,$784,2023-01-17
Jeffrey Reyes,HR,Jessica,$537,2023-06-19
Stacy Lozano,Sales,Jacob,$757,2023-09-03
Ricky Ramirez,Marketing,Ashley,$156,2023-05-28
Amber Dawson,Marketing,Jonathan,$774,2023-04-27
Jeffrey Wiley,Marketing,Susan,$91,2023-06-06
Ashley Nixon,HR,Jody,$413,2023-06-04
Anthony Johnson,Marketing,Richard,$853,2023-11-12
Darrell Summers,HR,Thomas,$477,2023-08-06
Kristen Schneider,Marketing,Sandra,$158,2023-10-03
Rachel Holloway,Sales,Karen,$997,2023-03-12
Sabrina Hess,Marketing,Christopher,$471,2023-04-21
William Jordan,HR,Sarah,$208,2023-01-15
Alison Hansen,Marketing,Maria,$50,2023-09-22
Eric Hernandez,HR,Andrew,$276,2023-05-11
Charles Gill,Sales,Mark,$902,2023-02-19
Grace Munoz,HR,Alejandro,$724,2023-01-09
Micheal Lopez,Marketing,Bernard,$706,2023-10-15
Anita Richard,IT,Kelly,$676,2023-04-18
Connie Scott,Sales,Christina,$889,2023-03-07
Christopher Brown,Marketing,Richard,$952,2023-07-22
Paul Riley,Sales,Peter,$693,2023-05-05
Megan Hill,Marketing,Elizabeth,$395,2023-10-14
Noah Greer,IT,Dustin,$591,2023-05-14
Amy White,Sales,Martha,$354,2023-02-22
Travis Cox,Marketing,Courtney,$770,2023-03-03
Christopher Medina,IT,Mary,$91,2023-10-25
Phyllis Walker,Marketing,Chad,$233,2023-08-02
Patrick Barnes,IT,Dan,$158,2023-03-06
Steven Oconnell,HR,Patricia,$584,2023-06-19
Leon Herrera,HR,Alexis,$261,2023-05-14
Franklin Hancock,HR,Jennifer,$86,2023-04-18
Ashley Davis,Marketing,Sheri,$238,2023-08-29
Veronica Russo,Sales,Leslie,$776,2023-09-23
Kristi Boyd,Marketing,Benjamin,$529,2023-01-01
Ariel Ryan,HR,Rebecca,$497,2023-02-10
Laura Ford,IT,Anthony,$983,2023-01-11
Emily Foster,Marketing,Oscar,$176,2023-01-18
Laura Stephens,IT,Ann,$644,2023-02-20
Joanna Daniels,IT,Charles,$7,2023-10-27
Emily Moore,Marketing,Jonathan,$236,2023-07-19
Eric Gamble,IT,Charles,$623,2023-04-19
Kelly Jones,Sales,Tamara,$796,2023-06-21
Christina Grant,IT,Alyssa,$562,2023-02-04
Larry Bartlett,Sales,Patricia,$500,2023-02-19
Danny Allen,Sales,Catherine,$809,2023-10-05
Craig Palmer,Marketing,Veronica,$530,2023-05-29
Jonathan George,HR,Laura,$867,2023-01-09
Brandi Hancock,Marketing,Jacqueline,$171,2023-07-31
Makayla Franco,Marketing,Jason,$585,2023-08-19
Brendan Carter,Marketing,Melissa,$991,2023-05-24
Sarah Palmer,HR,David,$447,2023-01-09
Donald Sanders,HR,Erika,$46,2023-09-18
Judith Rodriguez,Sales,Paige,$462,2023-11-04
Matthew Mooney,HR,Melissa,$167,2023-06-08
Joseph Harmon,Sales,Kaitlyn,$819,2023-05-26
Jason Paul,Marketing,Michael,$434,2023-07-26
Lee Turner,IT,Steven,$621,2023-06-09
Richard Faulkner,HR,Christopher,$37,2023-09-11
Melissa Webb,Marketing,Timothy,$845,2023-07-30
Sonya Wells,IT,Craig,$852,2023-09-04
Molly Stevens,Marketing,Jason,$632,2023-01-13
Keith Collier,IT,Larry,$29,2023-08-21
Richard Bailey,Marketing,Barry,$331,2023-06-05
Jason Rodriguez,Sales,Betty,$560,2023-05-26
Carrie Johnson,Marketing,Ernest,$182,2023-07-25
Christopher Benson,IT,Brian,$100,2023-08-02
Paul Rios,Marketing,Richard,$113,2023-09-23
Diane Rodriguez,IT,Christopher,$72,2023-02-16
Phillip Wallace,Marketing,David,$200,2023-10-06
William Ramos,HR,Katelyn,$75,2023-06-15
Fernando Fuentes,Marketing,Eric,$322,2023-05-08
Regina Smith,Marketing,Lynn,$745,2023-10-03
Abigail Rogers,Sales,Emily,$82,2023-09-02
Brian Smith,HR,Elizabeth,$330,2023-01-24
Rebecca Gray,IT,Sara,$615,2023-02-14
Jennifer Rodriguez,HR,Carl,$561,2023-09-17
Zachary Scott,Sales,Jennifer,$23,2023-11-10
Ronnie Moore,Marketing,Michael,$571,2023-03-15
Suzanne Mitchell,IT,Joshua,$102,2023-08-01
Nicholas Watkins,Marketing,Lisa,$312,2023-07-05
Jack Taylor,HR,Ryan,$187,2023-10-21
Dawn Perry,Sales,Christopher,$893,2023-07-27
Jenna Castillo,Sales,Craig,$853,2023-06-18
Alan Lynch,Marketing,Christopher,$150,2023-10-03
Craig Smith,HR,Todd,$877,2023-06-28
Larry Greene,Marketing,Darryl,$288,2023-05-12
Eric Phillips,IT,Donna,$693,2023-02-18
Jennifer Merritt,Marketing,Nicholas,$712,2023-07-05
Aaron Warner,IT,Karen,$526,2023-10-05
Stephanie May,Marketing,Nathan,$260,2023-10-15
John Weaver,Marketing,Jason,$636,2023-08-22
Anthony Kerr,Sales,Priscilla,$877,2023-02-13
Jenna Graves,Sales,Karen,$618,2023-07-22
Kellie Dean,IT,Alejandra,$121,2023-03-22
David Vasquez,HR,Sandra,$744,2023-09-29
Brian Williams,IT,Michael,$178,2023-07-04
Sophia Lopez,HR,Julie,$28,2023-09-21
Samantha Jones,Sales,Darryl,$491,2023-08-02
Tammy Cox,HR,Christy,$491,2023-02-24
Karen Jones,Marketing,Troy,$645,2023-11-09
Nicole Garcia,HR,Julian,$764,2023-10-15
Veronica Russell,Sales,Jessica,$75,2023-07-03
Julie Williams,HR,Michael,$975,2023-04-13
Michael Johnson,IT,Angela,$986,2023-04-18
Stacy Bell,IT,Krista,$350,2023-09-05
Kathy Boyle,HR,Robert,$774,2023-03-10
Molly Harmon,Sales,Anne,$6,2023-06-11
Michael Sheppard,IT,Yolanda,$67,2023-04-28
Dustin Morgan,Sales,Russell,$247,2023-09-20
Christine Lynch,Sales,James,$786,2023-11-13
Cassandra Spence,HR,Laura,$888,2023-01-31
David Martinez,Marketing,Katherine,$986,2023-01-27
Joe Dominguez,Marketing,Erik,$267,2023-03-27
Michael Byrd,IT,John,$885,2023-07-08
Eric Montgomery,Sales,Diane,$59,2023-06-16
Kevin Gibson,Marketing,Christopher,$881,2023-04-29
Gabriel Vincent,IT,Ashley,$791,2023-08-08
Sierra Stevens,Marketing,Stephanie,$791,2023-04-24
Kristen Taylor,IT,Kelly,$252,2023-07-25
Lindsay Anderson,HR,Travis,$781,2023-07-26
Timothy Howard,Marketing,Scott,$504,2023-03-29
Justin Barrera,Sales,Daisy,$736,2023-01-05
Jodi Glover,HR,Crystal,$535,2023-04-30
Trevor Blake,HR,Lynn,$921,2023-09-23
Jason Morgan,Marketing,Melissa,$968,2023-09-28
Katie Travis,Sales,Christopher,$921,2023-09-27
Erin Moore,HR,Jared,$475,2023-03-11
Jenna Bailey,Sales,Jennifer,$720,2023-02-16
Pamela Nunez,Sales,Christopher,$132,2023-10-23
James Hughes,Sales,Gregory,$147,2023-01-16
Chad Parks,Marketing,Kyle,$247,2023-10-11
Cheryl Daniels,IT,Alexandra,$864,2023-01-08
Carlos Leonard,Sales,Suzanne,$389,2023-05-26
David Kaufman,Marketing,Eric,$665,2023-02-16
Carol Rojas,Marketing,Andre,$882,2023-07-07
Taylor Lang,Marketing,Martin,$910,2023-04-05
Sarah Warren,Sales,Alexandra,$231,2023-05-20
Kevin May,IT,Brandon,$202,2023-06-04
Sierra Hutchinson,Sales,Meagan,$993,2023-09-01
Keith Martin,IT,Eric,$800,2023-01-06
Catherine Hendricks,HR,Kathleen,$389,2023-04-18
Bailey Williams,IT,Luke,$950,2023-01-09
Brandon Wilson,IT,Natasha,$275,2023-01-26
Justin Nelson,Sales,Tony,$639,2023-05-14
Herbert Bell,Sales,Ann,$753,2023-09-20
Nicholas Wright,Sales,Ronald,$607,2023-07-05
Sharon Hester,Sales,Austin,$518,2023-07-04
Jenna Murphy,Marketing,Debra,$883,2023-02-04
John Vargas,IT,Joseph,$935,2023-10-04
Charlotte Miller,Marketing,Richard,$422,2023-09-18
Luke Salazar,Sales,Christopher,$827,2023-02-10
Marvin Lopez,HR,Jonathon,$496,2023-10-25
William Hughes,Sales,Ethan,$652,2023-11-13
Joshua Edwards,Sales,Eric,$34,2023-06-15
Mary Flores,Marketing,Sandra,$505,2023-08-24
Todd Trevino,Marketing,Dana,$718,2023-06-23
William Gomez,Sales,Lance,$675,2023-03-23
Melanie Whitney,IT,Kendra,$60,2023-05-24
Darren Chavez,Marketing,Rebecca,$379,2023-08-07
Jennifer Wright,IT,Whitney,$940,2023-07-20
Brenda Rodriguez,HR,Carmen,$438,2023-06-20
Kelly Miller,Marketing,James,$998,2023-03-13
Jessica Bray,IT,Christopher,$501,2023-08-04
Walter Wilson,IT,Travis,$647,2023-07-19
Jeffery Underwood,Sales,Brenda,$36,2023-06-19
Amy Anderson,HR,Ray,$256,2023-10-17
April Maldonado,IT,Troy,$946,2023-05-25
Oscar Wallace,IT,Shannon,$115,2023-10-10
Elizabeth Mcguire,Marketing,Gloria,$200,2023-05-11
Mario Johnson,Sales,George,$266,2023-10-29
Olivia Gonzales,IT,Julie,$241,2023-01-23
Daniel York,Sales,Kenneth,$104,2023-01-19
Tiffany Carr,Marketing,Ashley,$770,2023-06-03
Brittany Gomez,Sales,James,$627,2023-10-10
Cynthia Hudson,Sales,Robert,$982,2023-10-12
Karen Schroeder,IT,Seth,$113,2023-02-24
Brenda Gutierrez,Marketing,William,$489,2023-08-26
Donald Robinson,Sales,Michelle,$882,2023-09-10
Patricia Williams,IT,Jonathan,$756,2023-11-12
John Cervantes,Sales,Taylor,$279,2023-07-18
Tanya Vargas,Sales,Luis,$546,2023-03-23
Chelsea Jenkins,Sales,Michael,$217,2023-10-17
Stephanie Fernandez,Sales,Robert,$294,2023-01-13
James Diaz,Marketing,Anna,$491,2023-06-17
Ronald Johnson,Marketing,Stacey,$78,2023-02-22
Angela Bridges,Sales,Kyle,$221,2023-07-14
Charles Barry,HR,Willie,$215,2023-06-01
Ronald Miller,HR,Jeremy,$39,2023-11-07
Craig Richmond,HR,Amy,$652,2023-08-27
Barbara Cook,HR,John,$931,2023-10-25
Samuel Warner,Marketing,Cheryl,$757,2023-11-08
Mariah Taylor,Marketing,Haley,$698,2023-11-02
Pamela Bryant,HR,Nicole,$507,2023-06-02
Christian Williams,IT,Allison,$620,2023-05-17
Charles Briggs,Marketing,Robert,$167,2023-03-14
Bradley Nelson,HR,Misty,$608,2023-07-26
Logan Johnson,HR,Roy,$379,2023-09-03
Brandon Rodriguez,HR,Keith,$857,2023-02-13
Travis Lee,Sales,Christina,$457,2023-08-05
Laurie Kelley,Marketing,Danny,$471,2023-05-15
Jeff Fields,Sales,Amber,$182,2023-07-05
Bryan Sanders,Sales,Bonnie,$34,2023-08-14
Sharon Stevens,Sales,Kevin,$241,2023-06-14
Christina Schroeder,HR,Kimberly,$494,2023-02-22
Noah Cook,Sales,Kari,$823,2023-07-05
Stacy Dunn,HR,Jon,$128,2023-04-13
Alice Williams,IT,Lisa,$972,2023-01-09
Savannah Wheeler,HR,Kimberly,$443,2023-06-28
Brian Sandoval,IT,Tara,$999,2023-02-16
Adam Short,IT,Monica,$793,2023-08-22
William Madden,Sales,Kelly,$340,2023-10-15
Roger James,IT,William,$224,2023-02-12
Danielle Ross,HR,Thomas,$465,2023-10-09
Tamara Aguilar,Marketing,Dillon,$45,2023-01-08
William House,IT,Kristopher,$932,2023-08-15
Robert Baker,Marketing,Joseph,$671,2023-03-19
Ricky Turner,IT,Ashley,$639,2023-09-28
Andrew Arnold,Sales,Darren,$503,2023-08-18
Mary Holland,Sales,Carl,$521,2023-01-12
Stephanie Murphy,Sales,Zachary,$748,2023-03-05
Jody Boyer,Marketing,Cynthia,$620,2023-06-26
Grant Suarez,Marketing,Victoria,$804,2023-10-25
Kevin Johnson,Sales,Andrea,$481,2023-07-12
Kathryn Moran,HR,Michelle,$185,2023-01-27
Leon Conner,Sales,Kenneth,$660,2023-05-11
Suzanne Howard,IT,Meghan,$744,2023-06-25
Jamie Parker,IT,Miguel,$274,2023-06-17
Christian Brown,HR,James,$129,2023-03-18
Benjamin Little,HR,Timothy,$367,2023-09-21
Jason Valencia,IT,Bridget,$79,2023-08-07
Lee Jones,IT,Kelly,$816,2023-02-07
John Jackson,HR,John,$84,2023-10-08
Robert Taylor,HR,John,$407,2023-01-06
Jon Rogers,Marketing,Eric,$868,2023-03-29
Brian Thomas,Sales,Alison,$188,2023-01-08
Gerald Weber,Marketing,Erin,$397,2023-08-16
Sierra Tucker,Marketing,Carla,$970,2023-03-15
Matthew Clark,Sales,Bernard,$426,2023-05-15
Kevin Hunt,HR,Mark,$938,2023-09-10
Lisa Schneider,Marketing,Robert,$224,2023-08-27
Melanie Little,Sales,Robert,$222,2023-02-03
Melissa Figueroa,HR,Matthew,$518,2023-04-21
Cody Walter,Marketing,Emily,$276,2023-08-12
Rachel Stephens,Marketing,Ernest,$33,2023-06-11
Ashley Li,Sales,John,$216,2023-09-06
Lance Reyes,Marketing,Christopher,$819,2023-03-24
Kenneth Liu,IT,Derek,$486,2023-03-27
Mary Lang,IT,Frank,$728,2023-04-24
Kimberly Baldwin,HR,Joshua,$198,2023-06-24
David Higgins,HR,Andrew,$633,2023-05-21
Todd Gonzales,IT,Tony,$859,2023-07-20
Kathryn Washington,Marketing,Austin,$417,2023-08-11
Mark Casey,Marketing,Brandi,$547,2023-06-30
Ryan Wagner,HR,Lisa,$646,2023-02-14
Jesse Martin,HR,Rachel,$902,2023-03-21
Kevin Wright,IT,Anita,$465,2023-02-06
Christopher Gordon,IT,Jack,$799,2023-10-07
Yvonne Mcclure,IT,Janet,$437,2023-07-20
Trevor Cameron,Marketing,Billy,$524,2023-10-09
Thomas Harris,HR,John,$898,2023-02-23
Stephen Newman,IT,Anthony,$891,2023-02-04
Mark Williams,HR,Tammy,$533,2023-01-19
Susan Johnson,Sales,Ronald,$321,2023-06-12
Karen Mayer,HR,Nicholas,$593,2023-02-03
James Martin,IT,Kimberly,$214,2023-04-03
Russell Diaz,Sales,Dillon,$408,2023-06-09
Justin Pugh,IT,Mark,$310,2023-07-14
Stacy Fox,HR,Kara,$68,2023-02-08
Scott Watson,HR,James,$545,2023-01-29
Dustin Williams,IT,Isaiah,$398,2023-08-01
Melanie Robbins,Marketing,Tracy,$441,2023-01-23
Jessica Munoz,IT,Anthony,$305,2023-06-29
Warren Lamb,HR,Bradley,$967,2023-10-13
Valerie Le,IT,Jennifer,$984,2023-07-12
Warren Nash,HR,Jessica,$622,2023-02-09
Kimberly Burgess,Sales,Joshua,$183,2023-03-02
Dakota Sullivan,Marketing,Deborah,$674,2023-06-15
Peter Pena,IT,Angela,$159,2023-06-09
Emily Johnson,Sales,Sergio,$511,2023-07-16
Jenna Werner,Sales,Alexander,$224,2023-03-26
Manuel Brown,Sales,Ashley,$278,2023-04-07
Jessica Mora,HR,Wendy,$634,2023-05-28
John Carr,IT,Stephen,$566,2023-03-15
Michael Clark,Sales,Elizabeth,$650,2023-09-21
Melissa Cobb,IT,Angela,$900,2023-08-17
Diane Coleman,IT,Vanessa,$24,2023-05-04
Allen Fisher,HR,Jeffrey,$166,2023-08-20
Patricia Mendoza,IT,Randy,$684,2023-07-12
Phillip Hansen,Marketing,Dale,$652,2023-10-27
Steven Garcia,Marketing,Lisa,$302,2023-10-28
Jennifer Newton,IT,Leah,$936,2023-10-08
Ruth Church,Marketing,Diana,$167,2023-06-01
Mary Richardson,HR,Timothy,$637,2023-11-05
James Maynard,Marketing,James,$878,2023-04-12
Michael Stewart,IT,Jonathan,$979,2023-04-28
Erik Castaneda,IT,John,$187,2023-08-31
Rebekah Pierce,HR,Carlos,$704,2023-06-21
Manuel Rodriguez,IT,Sharon,$574,2023-11-13
Cynthia Taylor,Marketing,David,$557,2023-08-07
Michael Mcdaniel,Marketing,Connie,$255,2023-08-23
Kenneth Perry,IT,Kevin,$550,2023-11-14
Michael Powell,HR,Thomas,$395,2023-05-09
Gabriel Johnson,Sales,Trevor,$918,2023-07-29
Kathryn Weeks,HR,Erin,$110,2023-05-13
Thomas Sullivan,Sales,Todd,$966,2023-08-27
David Austin,HR,Scott,$171,2023-08-27
Jerome Armstrong,Sales,Kayla,$187,2023-03-28
Shannon Alvarez,IT,Derrick,$128,2023-08-27
Jared Cobb,Sales,Diane,$900,2023-02-26
Angelica Shea,Marketing,David,$482,2023-02-21
Michael Howell,Sales,Sydney,$974,2023-07-25
Justin Perry,Sales,Stephanie,$390,2023-06-01
Charles Watkins,IT,Kristopher,$48,2023-07-17
Denise Reed,Marketing,Daniel,$348,2023-05-19
Heather Osborne,Marketing,Sandra,$724,2023-02-01
Michelle Mccormick,IT,David,$395,2023-04-24
Kristen Johnson,Marketing,Joanna,$810,2023-09-18
Samuel Jackson,Sales,Tiffany,$738,2023-01-26
Benjamin Tucker,HR,Jennifer,$651,2023-05-23
Carol Schneider,IT,Brenda,$784,2023-02-02
David Little,Sales,Ebony,$412,2023-01-12
Brittany Lester,IT,Monique,$781,2023-01-12
Bonnie Whitehead,HR,Kimberly,$195,2023-02-12
Julie Fisher,HR,Michael,$131,2023-04-26
Holly Dickson,Sales,Bradley,$104,2023-01-11
Pamela Poole,Sales,Anthony,$151,2023-07-13
Stephanie Garcia,Marketing,Donna,$595,2023-03-31
Travis Larson,Sales,Sara,$802,2023-08-10
Eric Vasquez,Sales,Katherine,$900,2023-10-10
Jacob Taylor,IT,Jose,$632,2023-08-10
Allison Andrews,Marketing,Edward,$898,2023-04-29
Brandon Smith,Marketing,Michael,$688,2023-02-21
Bradley Flynn,IT,Alan,$228,2023-06-26
Donald White,Marketing,Samantha,$493,2023-01-02
Nancy Kelley,Marketing,Ana,$204,2023-09-26
Susan Fuller,Marketing,Chase,$774,2023-06-15
Daniel Bentley,IT,Carol,$663,2023-11-09
Grace Peters,HR,Brandon,$620,2023-07-24
Felicia Rivera,Sales,Kayla,$424,2023-04-12
Alexander Potts,Sales,Christopher,$583,2023-03-05
James Chandler,HR,Kenneth,$702,2023-01-04
Briana Nichols,HR,Garrett,$68,2023-06-08
Frank Fletcher,HR,Jerry,$360,2023-08-19
Kathy Lee,IT,Kimberly,$971,2023-05-06
Valerie Rivera,HR,John,$610,2023-09-24
Megan Moreno,HR,Mark,$738,2023-06-13
Clifford Sullivan,Marketing,Jason,$206,2023-06-12
Connie Bautista,HR,Lucas,$543,2023-05-14
Sara Martin,Marketing,Kevin,$71,2023-01-06
Steven Smith,IT,Matthew,$157,2023-08-20
Alexander Reid,HR,Michael,$592,2023-01-12
William Obrien,Marketing,Jacob,$653,2023-03-19
Deborah Garcia,Sales,Gabriela,$566,2023-05-25
David Munoz,HR,Mark,$770,2023-10-21
Lisa Jennings,IT,Darlene,$859,2023-08-26
Kevin Robinson,IT,William,$740,2023-06-07
Bryan Gray,IT,Christopher,$840,2023-06-17
Kathleen Evans,HR,Jeffrey,$354,2023-09-15
Shirley Moreno,Sales,Derrick,$261,2023-03-19
Heather Lewis,Sales,Brian,$171,2023-01-26
Ryan Dunn,IT,Elizabeth,$363,2023-04-26
Edward Johnson,HR,Andre,$814,2023-01-12
Melissa Anderson,IT,Tara,$586,2023-06-29
Nicholas Lynch,Marketing,Linda,$755,2023-10-12
Andrew Henson,Marketing,Matthew,$841,2023-08-13
Christina Howard,Marketing,Shannon,$439,2023-09-25
Michael Martin,Sales,Marcia,$75,2023-08-12
Tamara Morales,IT,Brandon,$534,2023-11-12
Jessica Green,Marketing,Michael,$619,2023-07-22
Anna Hawkins,Sales,Timothy,$503,2023-02-07
Regina Hoover,Sales,Adam,$895,2023-06-24
Andrea Guerrero,Marketing,Jill,$952,2023-01-12
Kimberly Johnson,Sales,Nicholas,$229,2023-06-30
Caitlin Roberts,Marketing,Dominique,$393,2023-08-30
Daniel Delgado,HR,Wendy,$46,2023-07-27
Ronald Mcclure,Sales,Randall,$509,2023-11-08
Cheryl Dyer,HR,Benjamin,$284,2023-08-26
Robert Charles,IT,Scott,$53,2023-03-26
Maria Wilson,Marketing,Ryan,$795,2023-02-11
Jamie Ball,IT,Victor,$911,2023-04-02
Kimberly Brooks,HR,Linda,$701,2023-11-02
Henry Davis,IT,Gerald,$533,2023-07-06
John Larson,HR,Michelle,$361,2023-02-05
Julia Roman,HR,Sean,$691,2023-11-04
Erica Young,HR,Wesley,$199,2023-03-20
Zachary Anderson,IT,Michelle,$833,2023-10-07
Tamara Skinner,Marketing,Patty,$956,2023-09-04
Daniel Williams,IT,Brendan,$607,2023-05-11
Cynthia Patterson,IT,Brian,$269,2023-01-02
Jessica Jennings,Sales,Angela,$889,2023-04-01
Evelyn Hicks,Sales,Rebecca,$352,2023-04-26
Robert Miller,IT,Thomas,$310,2023-09-24
Jose Stuart,HR,James,$899,2023-03-02
Angela Williams,HR,Crystal,$269,2023-03-24
James Vega,Marketing,Lisa,$221,2023-08-25
Alexandria Steele,HR,Pamela,$329,2023-03-13
Erica Greer,Sales,Matthew,$521,2023-10-07
Susan Reed,Marketing,William,$182,2023-05-30
Sandra Chambers,Marketing,Anita,$253,2023-05-16
Shannon Parker,Sales,John,$289,2023-09-26
Lori Chambers,Sales,James,$939,2023-10-11
Shane Wells,Sales,Tyler,$496,2023-05-12
Jenna Mitchell,Sales,Ashley,$82,2023-05-15
Lawrence Chavez,Marketing,Rose,$541,2023-10-14
Charles Lee,IT,Mark,$620,2023-08-01
Lindsey Wallace,HR,Michelle,$686,2023-08-08
Eddie Stewart,HR,Jason,$457,2023-04-19
Lisa Sawyer,HR,Stephen,$471,2023-10-15
Ray Robles,IT,Nicholas,$479,2023-06-10
Brenda Lewis,Sales,Kristin,$852,2023-09-23
Belinda Williams,IT,Ronnie,$765,2023-08-02
Mary Jones,IT,Taylor,$711,2023-04-22
Michael Ward,HR,Stacey,$799,2023-07-31
Karen Rivers,HR,Kaitlin,$84,2023-05-06
Jared Schmidt,Sales,Susan,$206,2023-06-07
Amy Jennings,IT,Dean,$781,2023-06-01
Tamara Garza,IT,Amy,$335,2023-02-27
Jennifer Haynes,Marketing,Candice,$323,2023-10-05
Connie Perkins,Marketing,Raymond,$485,2023-10-30
Jeffrey Carroll,IT,Robert,$111,2023-05-30
Paige Banks,Sales,Dana,$260,2023-02-13
Andrew Robertson,Sales,Lisa,$369,2023-02-25
Rebecca Hall,Marketing,Cameron,$103,2023-11-10
Luis Hardy,Sales,Ryan,$631,2023-03-03
Brian Griffith,Sales,Diana,$49,2023-08-03
Joseph Schmidt,HR,Haley,$439,2023-03-11
Randall Ross,HR,Brenda,$80,2023-05-20
Jeffery Torres,Marketing,Jeffrey,$301,2023-10-01
Lauren Turner,Marketing,Nicole,$439,2023-07-20
Lance White,IT,Maxwell,$891,2023-08-01
Ricky Taylor,IT,Joseph,$788,2023-01-21
Hayley Mitchell,Sales,David,$800,2023-02-28
Richard Noble,HR,Elizabeth,$664,2023-05-28
Frank Ewing,Sales,Pamela,$823,2023-02-09
Leslie Allen,Sales,Ruth,$405,2023-03-17
Karen Carson,Sales,John,$222,2023-04-07
Breanna Jones,HR,Lisa,$415,2023-06-30
Veronica Hester,Marketing,Katie,$404,2023-11-02
Robert Johnson,HR,Benjamin,$350,2023-05-10
Damon Booth,Sales,John,$763,2023-02-25
Susan Walters,Marketing,Christopher,$534,2023-09-14
Debra Figueroa,Marketing,Cory,$820,2023-10-16
Monique Deleon,Sales,William,$725,2023-07-03
Rebecca Perkins,IT,Patricia,$877,2023-06-14
Rebecca Harmon,Marketing,Wendy,$366,2023-05-24
Margaret Santos,HR,Andrew,$477,2023-08-21
Diana Adams,IT,Stephanie,$817,2023-10-02
Lindsay Smith,Sales,Kelsey,$660,2023-01-25
Linda Williamson,Marketing,Stephen,$99,2023-01-24
Melissa Butler,IT,Tina,$899,2023-03-20
Mary Howard,IT,Nicholas,$652,2023-09-22
Samantha Reyes,IT,Richard,$360,2023-01-20
Christine Fisher,Marketing,Bethany,$545,2023-01-31
Joseph Davis,HR,Jeffrey,$387,2023-05-05
Tracy Taylor,HR,Kyle,$220,2023-10-29
Justin Hernandez,IT,Ivan,$970,2023-10-23
Erica Yoder,HR,Jack,$377,2023-09-13
Amanda Henderson,Marketing,Jared,$202,2023-04-16
Troy Roman,Marketing,Susan,$954,2023-10-12
Elaine Smith,Sales,Keith,$30,2023-09-02
Tiffany Hernandez,Marketing,Matthew,$518,2023-11-08
Henry Davis,IT,Samuel,$710,2023-06-01
Derek Olson,Sales,Daniel,$136,2023-04-09
Gregory Johnson,Sales,Amanda,$745,2023-02-16
Sandra Walker,Marketing,Laura,$21,2023-04-23
Matthew Rivas,IT,Jennifer,$402,2023-06-10
Robert Caldwell,Marketing,Stephanie,$452,2023-08-16
Judith Rogers,Sales,Luis,$902,2023-08-14
Jerry Austin,IT,Kenneth,$201,2023-06-16
Craig Bowers,HR,Eric,$51,2023-06-17
Frank Solomon,Marketing,Kenneth,$723,2023-10-07
Raymond Serrano,IT,Corey,$327,2023-05-30
Jeremiah Rowe,IT,Jon,$434,2023-01-10
Brittany Tran,IT,Joshua,$745,2023-10-10
Dominic Aguilar,IT,Blake,$876,2023-07-18
Shelley Wilson,IT,Christopher,$415,2023-01-23
Hunter Peters,Sales,Gerald,$332,2023-05-10
Natasha Parker,Sales,Nathaniel,$118,2023-04-17
Brian George,HR,Nicholas,$371,2023-01-06
Andrea Carrillo,Marketing,Charles,$93,2023-06-19
Nathaniel Edwards,IT,Darren,$159,2023-02-06
Jill Haley,Sales,Robin,$84,2023-07-11
Traci Graham,IT,Benjamin,$304,2023-05-01
Gina Jordan,HR,Bonnie,$250,2023-09-28
Christopher Perez,Sales,Michael,$804,2023-02-18
Paul Howard,HR,Peter,$656,2023-11-11
Robert Callahan,HR,Mark,$345,2023-11-03
Riley Montoya,IT,Vickie,$222,2023-03-16
Rita Mcpherson,Sales,Joy,$447,2023-04-09
Chase Thompson,IT,Robert,$995,2023-07-30
Mary Mendoza,IT,Kathleen,$809,2023-07-30
Linda Sellers,Sales,Misty,$327,2023-03-06
Jason Schmidt,IT,Tina,$239,2023-02-06
Emily Macdonald,Sales,Karen,$570,2023-10-28
Robert Johnson,IT,Rebecca,$766,2023-04-22
James Hanson,Marketing,James,$521,2023-11-13
James Leonard,HR,Derrick,$695,2023-04-06
Diana Jarvis,Sales,David,$931,2023-01-21
Rebecca Ortiz,IT,Kendra,$855,2023-06-26
Lynn Jones,IT,Amanda,$637,2023-07-30
Kathy Rodriguez,IT,Darren,$470,2023-08-22
Michael Williams,HR,Sue,$942,2023-04-08
Scott Diaz,Marketing,Kenneth,$636,2023-01-16
Heather Sims,Marketing,Alexander,$205,2023-07-29
Darryl Sanders,IT,Eric,$889,2023-02-21
Beverly Lopez,Marketing,Lisa,$355,2023-08-19
Amanda Oliver,HR,Mitchell,$315,2023-01-15
Melissa Jones,IT,Kristin,$346,2023-10-01
Daniel White,Sales,Beth,$321,2023-03-21
Wesley Schmidt,Sales,Teresa,$314,2023-10-04
Summer Steele,IT,Denise,$513,2023-10-02
Julie Wagner,Sales,Patricia,$440,2023-03-07
Crystal Mendez,Sales,Cassandra,$782,2023-01-02
Andrew Richard,IT,Laura,$434,2023-05-23
Margaret Baker,Sales,Jennifer,$857,2023-03-17
Tara Robinson,IT,Melissa,$19,2023-03-13
Willie Reyes,HR,Jessica,$225,2023-09-10
Benjamin Stevens,Marketing,Aaron,$609,2023-11-01
Melissa Graham,HR,Linda,$466,2023-09-10
Melissa Powers,Sales,Christine,$387,2023-03-02
Joseph Johnson,HR,Shannon,$731,2023-05-10
Brooke Holt,HR,Lisa,$127,2023-09-27
Tiffany Schmidt,HR,Seth,$39,2023-09-17
Nancy Turner,IT,Theresa,$700,2023-09-12
Carol Jones,Marketing,Lisa,$47,2023-04-09
Dominique Anderson,Marketing,Cynthia,$932,2023-05-29
Todd Dawson,IT,Zachary,$375,2023-10-08
Patricia Garcia,HR,Deborah,$990,2023-09-04
Kelly Ewing,Marketing,Tony,$803,2023-07-20
Amy Buck,HR,Shannon,$459,2023-09-15
Alex Williams,HR,Sandra,$226,2023-06-03
John Sellers,Marketing,Catherine,$177,2023-02-08
Breanna Johnson,HR,Joseph,$569,2023-09-11
Heather Williams,Marketing,Kelly,$233,2023-08-17
James Hughes,IT,David,$905,2023-06-07
Steven Wiley,Marketing,Renee,$840,2023-09-25
Cynthia Burgess,Sales,Kimberly,$647,2023-04-29
Christopher Gonzalez,HR,Catherine,$114,2023-02-01
Raymond Smith,Marketing,Andrea,$598,2023-08-28
Deborah Hall,HR,Ebony,$246,2023-07-05
Kenneth Ramsey,IT,Diane,$854,2023-05-20
Karen Johnson,HR,William,$612,2023-10-22
Ashley George,Marketing,Brent,$136,2023-08-07
Rachel Lee,HR,Ian,$336,2023-07-01
Tonya Berger,Marketing,Michelle,$362,2023-10-23
Nicole Hamilton,IT,Brian,$965,2023-03-03
Johnny Richardson,HR,Stephanie,$713,2023-06-16
Lisa Garcia,HR,Chad,$356,2023-04-05
Erica Long,Sales,Maria,$94,2023-04-12
David Dunn,IT,Peggy,$280,2023-09-15
Ryan Mcmahon,Sales,Brandi,$966,2023-10-06
Sandra Blake,Sales,Kathy,$622,2023-03-08
Sarah May,Marketing,Theresa,$333,2023-06-02
Andrew Gibson,Sales,Cynthia,$108,2023-09-27
Emily Parker,HR,Andre,$938,2023-09-30
Gary Gonzalez,Sales,Patricia,$251,2023-09-18
Deborah Porter,IT,Rachel,$789,2023-01-14
Michelle Phillips,HR,Tyler,$600,2023-08-23
Jennifer Gordon,Marketing,Darren,$334,2023-07-26
George Rhodes,Sales,Gina,$498,2023-05-30
Matthew Shaffer,IT,William,$493,2023-01-25
Michaela Hart,HR,Breanna,$197,2023-03-03
Jake Goodman,HR,Alicia,$457,2023-04-04
Timothy Young,Marketing,Michael,$327,2023-09-12
Travis Webb,Marketing,Eric,$991,2023-07-06
Allen Palmer,IT,Victoria,$561,2023-08-26
Robert Reed,Sales,Luis,$609,2023-04-11
Pedro Williams,Marketing,Bryan,$755,2023-06-07
James Dalton,HR,Walter,$19,2023-02-17
Julie Henderson,IT,David,$567,2023-04-30
Margaret Thomas,HR,Lisa,$100,2023-05-27
Jennifer Lozano,Sales,James,$443,2023-04-02
Dawn Torres,Sales,Samantha,$507,2023-11-04
Cathy Taylor,IT,Elizabeth,$737,2023-03-03
Ruben Bowman,IT,Tracy,$654,2023-01-25
Mark Dominguez,Sales,Ryan,$502,2023-08-03
Samantha Dunn,Marketing,Christine,$118,2023-03-13
Elizabeth Tran,IT,Donald,$95,2023-10-11
Sean Nolan,HR,Tanner,$155,2023-11-11
Willie Turner,HR,Jason,$741,2023-04-04
Savannah Bennett,Marketing,Robert,$20,2023-08-15
Marie Reyes,IT,Zachary,$716,2023-10-16
Kenneth Wang,HR,Christopher,$42,2023-10-14
Lorraine Taylor,HR,Lisa,$419,2023-08-18
Philip Mckay,IT,William,$312,2023-01-25
Alyssa Mason,IT,Jennifer,$11,2023-07-14
Donald King,HR,Carrie,$676,2023-10-23
Kathryn Davies,Sales,David,$405,2023-08-12
Pamela Molina,IT,Craig,$285,2023-08-29
Sarah Stewart,Sales,Molly,$96,2023-01-21
Donald Marshall,HR,Kyle,$376,2023-04-10
Michelle Rivera,IT,James,$480,2023-01-12
Cory Allen,Marketing,Lori,$104,2023-08-22
Jessica Ball,Sales,John,$418,2023-09-24
Robert Rogers,IT,Daniel,$830,2023-04-20
Scott Dillon,IT,Angela,$520,2023-07-27
Sandra Green,HR,Krystal,$18,2023-09-19
Holly Stewart,Marketing,Dawn,$624,2023-06-17
Michelle Evans,HR,Stacy,$352,2023-07-01
Megan Lawrence,Sales,Christian,$216,2023-04-09
Curtis Owens,IT,Marie,$689,2023-04-05
Jacob Shaw,HR,Katherine,$485,2023-08-19
Megan Richardson,IT,Jennifer,$164,2023-06-25
Larry Mccarty,HR,Julia,$146,2023-10-30
Susan Barnes,IT,Donna,$800,2023-04-15
Julie Brown,Sales,Monica,$219,2023-10-09
Joshua Roberts,Sales,Tracy,$580,2023-02-28
Kelsey Rogers,IT,Brian,$37,2023-01-10
Shelly Williams,Sales,Shawn,$933,2023-07-18
Cody Wilson,IT,Andrea,$218,2023-07-20
Crystal Wilkins,IT,Donald,$645,2023-10-29
Toni Moody,Marketing,Corey,$493,2023-05-07
Jessica Lewis,Marketing,David,$635,2023-04-15
Brian Morales,Marketing,Ryan,$393,2023-09-23
Jesus Callahan,HR,Robert,$841,2023-01-21
Faith Smith,HR,Cindy,$636,2023-09-04
Amanda Frost,Sales,Susan,$401,2023-02-02
Joy Donaldson,Marketing,Gregory,$821,2023-03-23
Melissa Lee,IT,Amy,$730,2023-02-11
Wayne Carroll,Marketing,Sandra,$823,2023-03-20
Mark Wu,Marketing,Janice,$261,2023-07-30
Chad Santiago,Marketing,Todd,$744,2023-05-05
Olivia Faulkner,IT,Leslie,$370,2023-08-23
Darlene Morales,Sales,Trevor,$278,2023-11-11
Kayla Ward,HR,Dylan,$747,2023-02-24
Lindsay Thomas,HR,Russell,$823,2023-10-11
James Armstrong,Sales,Cheyenne,$680,2023-09-28
Teresa Collins,Sales,Gregory,$134,2023-02-15
Raymond Lyons,Sales,Hannah,$27,2023-09-18
Charles Brown,IT,Diana,$646,2023-07-26
Mary Cook,Sales,Stephanie,$761,2023-10-14
David Parker,HR,Annette,$776,2023-03-26
David Richard,Sales,Warren,$307,2023-01-11
Peter Watkins,Marketing,Wendy,$660,2023-02-13
Jenny Williams,HR,Jacqueline,$841,2023-03-31
Stephanie Barnett,IT,Brittany,$855,2023-05-17
Mitchell Bender,Sales,Mary,$28,2023-02-23
Logan Cummings,Sales,Linda,$844,2023-05-01
Jeremiah Moore,Sales,Oscar,$499,2023-03-08
Paul Miller,Sales,Meredith,$924,2023-08-18
Lauren Copeland,Sales,Steven,$345,2023-08-14
Greg Frey,IT,Tonya,$941,2023-10-27
Maria Salinas,HR,Sarah,$519,2023-07-09
Matthew Saunders,IT,Carl,$885,2023-02-02
Brendan Johnson,Marketing,Debra,$502,2023-09-05
Ernest Johnson,Sales,David,$606,2023-11-15
Christopher Figueroa,IT,Tyrone,$335,2023-05-01
Jennifer Williams,Marketing,Emily,$889,2023-04-24
Dominique Buchanan,Marketing,William,$866,2023-01-02
Jessica Griffith,IT,Roberta,$10,2023-10-16
Albert Hester,Sales,Amber,$335,2023-08-15
Tanya Everett,Marketing,Jennifer,$627,2023-06-14
Glenn Navarro,Marketing,Bobby,$271,2023-03-04
Joseph Henderson,Sales,Karen,$653,2023-11-06
Hannah Young,Sales,Patricia,$546,2023-09-09
Christina Calderon,Sales,Nicholas,$818,2023-01-06
Johnny Crawford,Sales,Denise,$195,2023-03-14
Jo Reynolds,IT,Monique,$562,2023-05-19
Mark Crawford,IT,Samantha,$865,2023-07-02
Mark Miller,IT,Amanda,$858,2023-10-04
Sherri Lawrence,Marketing,Debra,$260,2023-05-25
Haley Nunez,Sales,Tanner,$256,2023-07-29
Megan Brady,Sales,Susan,$605,2023-02-02
Martin Morris,Sales,Anna,$482,2023-09-07
Darren Woods,IT,Rita,$518,2023-07-17
Bradley Trevino,IT,Jonathan,$397,2023-04-05
Cory Johnston,HR,Daniel,$667,2023-10-08
Benjamin Delacruz,Marketing,Shari,$419,2023-07-02
Kathy Cox,HR,Jared,$966,2023-03-09
Dennis Bautista,Marketing,Katie,$251,2023-01-08
Danielle Edwards,Marketing,Matthew,$489,2023-08-14
Karen Thomas,HR,Jeremy,$773,2023-06-30
Anthony Lambert,IT,Victoria,$145,2023-06-07
Jake Williams,Sales,Charles,$31,2023-07-13
Tina Lester,HR,Barbara,$356,2023-03-12
Christopher English,Sales,Danny,$745,2023-05-18
Nathan Cook,Sales,Amanda,$2,2023-11-13
Cody Walker,IT,Briana,$289,2023-06-22
Theresa Fernandez,Marketing,Jordan,$878,2023-06-03
James Walker,HR,Jeremy,$473,2023-02-08
Christopher Phillips,Marketing,Brian,$860,2023-02-23
Brittany Evans,HR,Andrew,$375,2023-05-16
Melanie Anderson,Marketing,Paul,$233,2023-06-05
Harold Clark,HR,Kristin,$300,2023-06-03
Tiffany Bennett,HR,Toni,$522,2023-06-22
William Ross,IT,Dustin,$44,2023-04-26
Logan Thomas,HR,John,$920,2023-10-27
Karen Cook,Sales,Jason,$566,2023-10-22
Isabella Mercado,IT,Peter,$363,2023-01-26
Timothy Brown,IT,Kimberly,$345,2023-06-07
Jacob Walker,IT,Kevin,$369,2023-04-04
Brittany Swanson,Marketing,David,$983,2023-05-24
Joseph Wong,IT,Carla,$879,2023-01-30
Zachary Norman,IT,Karen,$403,2023-01-05
Michelle Floyd,Sales,Michelle,$106,2023-07-02
Peter Hill,Marketing,Angela,$851,2023-02-28
Chris Rangel,HR,Lucas,$163,2023-06-10
Peter Johnson,Marketing,Francisco,$611,2023-09-08
Michael Gonzalez,HR,Marie,$487,2023-02-13
John Curtis,Sales,Joseph,$578,2023-08-14
Alexis Price,HR,Tiffany,$9,2023-04-16
Jennifer Walker,Marketing,Lisa,$648,2023-06-09
Jared Powell,HR,Whitney,$276,2023-04-01
Dennis Klein,HR,Anthony,$640,2023-03-04
Jesse Carlson,Sales,Michelle,$841,2023-07-07
Kristopher Sims,Sales,John,$674,2023-03-23
Zachary Coleman,HR,Kimberly,$597,2023-02-12
Jeffrey Garcia,Sales,Philip,$967,2023-05-21
Aaron Lopez,Marketing,Daniel,$627,2023-02-16
Valerie Sanchez,HR,Jill,$170,2023-08-29
Megan Sanders,IT,Nicole,$585,2023-09-11
George Barber,IT,Nicholas,$893,2023-09-25
Ryan Jacobson,Sales,Daniel,$192,2023-09-02
Rachel Humphrey,IT,Brian,$335,2023-09-19
Ryan Martin,IT,Rickey,$586,2023-03-08
Jeffery Short,IT,Taylor,$160,2023-07-06
Matthew Ali,Sales,Edward,$741,2023-07-08
Harold Grant,IT,Lindsey,$172,2023-10-12
Erin Kim,HR,Steven,$885,2023-10-03
Courtney Brown,IT,Michael,$632,2023-10-16
James Bryan,Marketing,Dana,$431,2023-07-29
Jennifer Gonzales,Marketing,Tammy,$884,2023-02-22
Arthur Williams,HR,Melissa,$171,2023-04-10
Thomas Haney,Marketing,James,$272,2023-04-14
Phyllis Rojas,Sales,Meredith,$290,2023-08-09
Leslie Raymond,IT,Bobby,$153,2023-05-09
Joseph Moore,HR,William,$634,2023-04-13
